{"cameraMode":{"drawMode":0,"name":"Shaded","section":"Shading Mode"},"sceneLighting":true,"audioPlay":false,"sceneViewState":{"m_AlwaysRefresh":false,"showFog":true,"showSkybox":true,"showFlares":true,"showImageEffects":true,"showParticleSystems":true,"showVisualEffectGraphs":true,"m_FxEnabled":true},"in2DMode":false,"pivot":{"x":-14.072063446044922,"y":18.487552642822267,"z":-1.844268798828125},"rotation":{"x":0.13936130702495576,"y":-0.8258304595947266,"z":0.23285366594791413,"w":0.49438947439193728},"size":61.25963592529297,"orthographic":false}