{"cameraMode":{"drawMode":0,"name":"Shaded","section":"Shading Mode"},"sceneLighting":true,"audioPlay":false,"sceneViewState":{"m_AlwaysRefresh":false,"showFog":true,"showSkybox":true,"showFlares":true,"showImageEffects":true,"showParticleSystems":true,"showVisualEffectGraphs":true,"m_FxEnabled":true},"in2DMode":false,"pivot":{"x":0.020744338631629945,"y":0.9543483853340149,"z":0.8667889833450317},"rotation":{"x":-0.0025962756481021644,"y":0.9974024891853333,"z":-0.05272173881530762,"w":-0.049111463129520419},"size":1.7309839725494385,"orthographic":false}