{"cameraMode":{"drawMode":0,"name":"Shaded","section":"Shading Mode"},"sceneLighting":false,"audioPlay":false,"sceneViewState":{"m_AlwaysRefresh":false,"showFog":true,"showSkybox":false,"showFlares":true,"showImageEffects":true,"showParticleSystems":true,"showVisualEffectGraphs":true,"m_FxEnabled":true},"in2DMode":false,"pivot":{"x":-3.5762786865234377e-7,"y":0.9644522666931152,"z":2.0278027057647707},"rotation":{"x":-0.01248181238770485,"y":-0.9759490489959717,"z":0.20986329019069673,"w":-0.05803185701370239},"size":2.5552732944488527,"orthographic":false}