{"cameraMode":{"drawMode":0,"name":"Shaded","section":"Shading Mode"},"sceneLighting":true,"audioPlay":false,"sceneViewState":{"m_AlwaysRefresh":false,"showFog":true,"showSkybox":false,"showFlares":true,"showImageEffects":true,"showParticleSystems":true,"showVisualEffectGraphs":true,"m_FxEnabled":true},"in2DMode":false,"pivot":{"x":-0.07481127977371216,"y":0.7444366216659546,"z":0.06507641077041626},"rotation":{"x":-0.2315414398908615,"y":-0.22494955360889436,"z":0.0551113560795784,"w":-0.9448826313018799},"size":1.2124342918395997,"orthographic":false}