{"cameraMode":{"drawMode":0,"name":"Shaded","section":"Shading Mode"},"sceneLighting":true,"audioPlay":false,"sceneViewState":{"m_AlwaysRefresh":false,"showFog":true,"showSkybox":false,"showFlares":true,"showImageEffects":true,"showParticleSystems":true,"showVisualEffectGraphs":true,"m_FxEnabled":true},"in2DMode":false,"pivot":{"x":-0.3277449607849121,"y":0.014464616775512696,"z":0.07244312763214112},"rotation":{"x":-0.12774936854839326,"y":0.8018807768821716,"z":-0.18505850434303285,"w":-0.5535532236099243},"size":1.7320537567138672,"orthographic":false}