{"cameraMode":{"drawMode":0,"name":"Shaded","section":"Shading Mode"},"sceneLighting":false,"audioPlay":false,"sceneViewState":{"m_AlwaysRefresh":false,"showFog":true,"showSkybox":false,"showFlares":true,"showImageEffects":true,"showParticleSystems":true,"showVisualEffectGraphs":true,"m_FxEnabled":true},"in2DMode":false,"pivot":{"x":-0.1528972089290619,"y":0.8359593152999878,"z":-1.1208149194717408},"rotation":{"x":0.001802251674234867,"y":-0.9972807765007019,"z":0.06923241913318634,"w":0.02604229934513569},"size":1.4270445108413697,"orthographic":false}