{"cameraMode":{"drawMode":0,"name":"Shaded","section":"Shading Mode"},"sceneLighting":false,"audioPlay":false,"sceneViewState":{"m_AlwaysRefresh":false,"showFog":true,"showSkybox":false,"showFlares":true,"showImageEffects":true,"showParticleSystems":true,"showVisualEffectGraphs":true,"m_FxEnabled":true},"in2DMode":false,"pivot":{"x":-0.000010251998901367188,"y":1.2816396951675416,"z":-0.002772033214569092},"rotation":{"x":-0.01248181238770485,"y":-0.9759490489959717,"z":0.20986329019069673,"w":-0.05803185701370239},"size":2.621091604232788,"orthographic":false}