{"cameraMode":{"drawMode":0,"name":"Shaded","section":"Shading Mode"},"sceneLighting":true,"audioPlay":false,"sceneViewState":{"m_AlwaysRefresh":false,"showFog":true,"showSkybox":false,"showFlares":true,"showImageEffects":true,"showParticleSystems":true,"showVisualEffectGraphs":true,"m_FxEnabled":true},"in2DMode":false,"pivot":{"x":1.0071558952331544,"y":-0.3271825313568115,"z":0.08540225028991699},"rotation":{"x":0.1366155594587326,"y":0.8285062909126282,"z":-0.23009729385375977,"w":0.49190863966941836},"size":2.479102373123169,"orthographic":false}