{"cameraMode":{"drawMode":0,"name":"Shaded","section":"Shading Mode"},"sceneLighting":true,"audioPlay":false,"sceneViewState":{"m_AlwaysRefresh":false,"showFog":true,"showSkybox":false,"showFlares":true,"showImageEffects":true,"showParticleSystems":true,"showVisualEffectGraphs":true,"m_FxEnabled":true},"in2DMode":false,"pivot":{"x":-0.6453642845153809,"y":0.33342254161834719,"z":0.44776272773742678},"rotation":{"x":-0.11368152499198914,"y":0.8085863590240479,"z":-0.16627514362335206,"w":-0.5528265833854675},"size":1.9986658096313477,"orthographic":false}