{"cameraMode":{"drawMode":0,"name":"Shaded","section":"Shading Mode"},"sceneLighting":true,"audioPlay":false,"sceneViewState":{"m_AlwaysRefresh":false,"showFog":true,"showSkybox":false,"showFlares":true,"showImageEffects":true,"showParticleSystems":true,"showVisualEffectGraphs":true,"m_FxEnabled":true},"in2DMode":false,"pivot":{"x":2.7033209800720217,"y":-2.2350494861602785,"z":-0.3207518756389618},"rotation":{"x":0.1894645243883133,"y":0.8089641332626343,"z":-0.42053720355033877,"w":0.36446449160575869},"size":5.174225330352783,"orthographic":false}